,B2-PLYP-D3BJ,B3LYP-D3BJ,BLYP-D3BJ,B-LYP-osUW12-D3BJ,CAM-B3LYP-D3BJ,DSD-BLYP-D3BJ,MP2,PBE0-D3BJ,PBE-D3BJ,wB97X-D3,wB97X-D3BJ,wB97X-MP2-D3BJ,WM21-D3BJ,XCH-BLYP-UW12-D3BJ,wB97M-V,wB97X-V,B3LYP-D3BJ-num,B-LYP-osUW12-D3BJ-num,B3LYP-D3BJ-an,B3LYP-D3BJ-tight,B-LYP-osUW12-D3BJ-tight,XCH-BLYP-UW12-D3BJ-num,XCH-BLYP-UW12-D3BJ-tight,B-LYP-osUW12-D3BJ-num2,B3LYP-D3BJ-num2,B3LYP-D3BJ-an2,B-LYP-osUW12-D3BJ-tight2,B-LYP-osUW12-D3BJ-num2-tight,B-LYP-osUW12-D3BJ_14
03_C2H4_0,833.76,835.25,817.26,845.81,840.74,835.08,889.63,825.69,802.73,854.45,841.96,861.64,833.81,849.29,,,835.12,846.0,834.33,835.14,845.75,849.1,849.31,845.92,835.02,834.33,845.92,861.12,
03_C2H4_1,974.81,978.35,941.35,1001.41,992.01,976.78,1084.19,979.71,934.86,1019.74,999.7,1029.48,984.0,1002.13,,,978.39,1001.28,977.99,978.61,1001.73,1002.2,1002.14,1001.24,978.4,977.99,1001.37,1004.03,
03_C2H4_2,981.98,984.24,945.3,1008.24,1011.27,988.05,1104.28,985.9,938.79,1032.67,1021.02,1048.65,994.67,1016.6,,,984.28,1007.84,983.94,984.47,1008.52,1016.67,1016.62,1007.87,984.28,983.94,1008.21,1011.46,
03_C2H4_3,1059.7,1060.05,1032.72,1083.17,1069.72,1061.2,1135.06,1064.09,1031.61,1090.08,1072.95,1097.47,1064.15,1092.76,,,1060.11,1083.12,1059.75,1060.31,1083.43,1092.89,1092.77,1083.19,1060.1,1059.75,1083.15,1088.7,
03_C2H4_4,1253.45,1245.39,1215.21,1268.23,1253.27,1258.25,1343.22,1238.26,1199.7,1257.61,1257.92,1289.89,1247.18,1267.41,,,1245.06,1268.49,1245.08,1245.41,1268.23,1267.29,1267.42,1268.56,1245.02,1245.08,1268.32,1277.42,
03_C2H4_5,1384.86,1380.64,1347.28,1405.67,1390.83,1390.72,1473.41,1379.8,1339.1,1394.18,1396.43,1424.35,1381.63,1411.18,,,1380.53,1405.73,1380.24,1380.75,1405.67,1411.07,1411.19,1406.11,1380.47,1380.24,1405.67,1411.88,
03_C2H4_6,1486.43,1479.11,1446.21,1505.08,1485.06,1493.16,1589.62,1466.79,1423.7,1487.74,1489.29,1528.1,1474.7,1500.64,,,1479.02,1504.81,1478.63,1479.07,1505.08,1500.63,1500.64,1504.81,1478.98,1478.63,1505.19,1511.39,
03_C2H4_7,1685.39,1688.02,1635.78,1728.63,1718.27,1694.55,1814.09,1701.58,1640.3,1722.95,1729.36,1755.76,1704.2,1747.67,,,1688.19,1728.66,1687.39,1688.32,1728.66,1747.71,1747.7,1729.6,1688.17,1687.39,1728.61,1729.24,
03_C2H4_8,3153.6,3125.64,3054.03,3190.58,3148.44,3172.8,3269.78,3142.63,3059.87,3153.25,3155.02,3192.3,3126.25,3225.59,,,3125.67,3191.35,3124.34,3126.08,3190.54,3225.75,3225.54,3191.67,3125.62,3124.34,3190.52,3195.1,
03_C2H4_9,3170.92,3138.97,3065.38,3206.83,3165.19,3190.18,3291.05,3158.58,3073.32,3173.55,3174.2,3211.01,3144.89,3241.05,,,3138.55,3207.64,3137.72,3139.43,3206.8,3241.14,3241.0,3208.02,3138.53,3137.72,3206.75,3209.42,
03_C2H4_10,3231.67,3194.01,3116.89,3265.78,3221.71,3253.27,3341.99,3218.86,3130.51,3233.31,3230.51,3266.62,3201.87,3307.3,,,3193.59,3267.73,3192.68,3194.5,3265.74,3307.48,3307.25,3268.02,3193.57,3192.68,3265.71,3272.28,
03_C2H4_11,3257.4,3222.26,3146.01,3292.41,3247.74,3280.28,3370.9,3246.52,3158.86,3258.33,3255.97,3293.93,3227.39,3333.88,,,3222.37,3294.69,3220.98,3222.76,3292.38,3334.05,3333.83,3295.07,3222.32,3220.98,3292.32,3298.67,
04_CCl2_0,336.04,331.71,311.02,346.62,345.16,342.47,361.22,340.48,319.99,347.19,351.87,352.5,343.19,355.27,,,331.8,346.65,331.95,331.72,346.62,355.26,355.26,346.68,331.78,331.95,346.62,345.35,
04_CCl2_1,718.75,705.08,659.52,745.02,736.71,735.68,778.06,735.95,694.2,748.81,756.12,758.67,744.53,765.06,,,705.07,745.2,706.36,705.09,745.08,765.2,764.89,745.14,705.05,706.36,745.02,745.03,
04_CCl2_2,753.51,730.15,666.09,795.35,786.61,776.65,844.88,786.92,715.94,798.68,811.37,807.11,788.24,837.51,,,730.2,795.72,731.1,730.15,795.27,837.45,837.25,795.56,730.17,731.1,795.34,795.69,
06_CH4_0,1352.54,1338.71,1307.61,1367.48,1344.35,1363.0,1452.83,1324.81,1283.08,1347.36,1351.14,1390.15,1338.82,1356.0,,,1338.67,1367.44,1338.79,1338.71,1367.48,1355.92,1356.0,1367.27,1338.66,1338.78,1367.54,1366.42,
06_CH4_1,1352.62,1338.81,1307.73,1367.54,1344.42,1363.03,1452.9,1324.82,1283.11,1356.94,1351.2,1390.53,1338.88,1356.07,,,1338.73,1367.52,1338.92,1338.81,1367.54,1356.03,1356.08,1367.33,1338.73,1338.91,1367.6,1368.44,
06_CH4_2,1352.97,1338.89,1307.84,1367.61,1344.5,1363.23,1452.93,1324.89,1283.19,1357.46,1351.26,1391.81,1339.4,1356.17,,,1338.79,1367.53,1338.99,1338.89,1367.61,1356.1,1356.17,1367.4,1338.81,1338.98,1367.71,1369.23,
06_CH4_3,1575.85,1557.14,1523.39,1590.17,1563.4,1588.04,1666.61,1551.69,1507.71,1570.42,1570.17,1606.7,1559.0,1588.64,,,1557.03,1590.21,1557.22,1557.14,1590.16,1588.55,1588.64,1590.15,1556.97,1557.22,1590.2,1587.53,
06_CH4_4,1576.4,1557.29,1523.58,1590.27,1563.5,1588.34,1666.68,1551.72,1507.75,1574.04,1570.2,1608.27,1559.45,1588.78,,,1557.18,1590.32,1557.31,1557.29,1590.27,1588.77,1588.78,1590.2,1557.24,1557.31,1590.34,1592.05,
06_CH4_5,3053.02,3027.56,2963.54,3085.54,3051.92,3066.93,3147.97,3044.19,2970.62,3055.21,3057.64,3084.38,3029.77,3124.17,,,3027.63,3085.39,3026.72,3027.55,3085.53,3124.19,3124.17,3085.87,3027.61,3026.76,3085.49,3084.18,
06_CH4_6,3164.68,3128.31,3056.43,3194.68,3158.55,3185.04,3246.08,3163.58,3083.0,3175.15,3167.24,3190.11,3137.48,3248.59,,,3128.35,3195.71,3127.42,3128.31,3194.68,3248.6,3248.59,3196.25,3128.36,3127.47,3194.64,3196.05,
06_CH4_7,3164.72,3128.37,3056.53,3194.7,3158.6,3185.06,3246.1,3163.66,3083.13,3176.03,3167.29,3190.19,3137.53,3248.6,,,3128.4,3195.72,3127.45,3128.37,3194.7,3248.66,3248.6,3196.27,3128.38,3127.5,3194.67,3196.36,
06_CH4_8,3164.99,3128.55,3056.8,3194.76,3158.74,3185.18,3246.15,3163.86,3083.43,3176.7,3167.42,3190.29,3137.66,3248.65,,,3128.6,3195.8,3127.53,3128.55,3194.76,3248.7,3248.65,3196.34,3128.56,3127.58,3194.76,3197.48,
07_Cl2_0,551.86,538.1,500.17,573.79,568.25,564.2,611.91,576.01,538.01,589.98,586.93,594.98,580.27,598.45,,,538.12,573.67,537.39,538.1,573.78,598.48,598.45,573.67,538.11,537.39,573.76,574.8,
09_ClF_0,783.06,778.45,726.36,827.42,815.94,797.64,916.04,821.23,757.87,825.57,832.62,852.63,809.74,864.21,,,778.53,827.55,784.16,778.45,827.42,864.35,864.28,827.5,778.56,784.25,827.38,829.46,
10_CO2_0,666.01,673.22,635.6,692.24,688.09,671.6,774.52,684.41,641.5,687.32,694.96,721.32,675.07,698.38,,,673.26,691.75,672.61,673.22,692.29,698.42,698.38,691.52,673.25,672.61,692.21,690.34,
10_CO2_1,666.01,673.22,635.6,692.24,688.09,671.6,774.52,684.41,641.5,687.32,694.96,721.32,675.07,698.38,,,673.26,691.75,672.61,673.22,692.29,698.42,698.38,691.52,673.25,672.61,692.21,690.34,
10_CO2_2,1340.55,1368.19,1302.88,1402.92,1396.61,1348.58,1509.13,1391.17,1317.94,1395.05,1405.3,1442.77,1376.77,1422.83,,,1368.29,1403.09,1367.43,1368.19,1402.85,1422.87,1422.83,1403.48,1368.32,1367.44,1402.74,1401.11,
10_CO2_3,2383.1,2397.83,2308.39,2456.22,2432.76,2401.61,2548.67,2443.8,2347.17,2435.43,2439.2,2479.03,2403.73,2505.35,,,2398.04,2457.01,2398.01,2397.83,2456.08,2505.58,2505.35,2457.76,2398.08,2398.01,2455.98,2457.12,
12_CS2_0,400.86,405.13,385.91,415.56,418.63,403.32,455.55,411.49,389.74,418.26,421.28,432.05,413.25,423.19,,,405.14,415.32,404.49,404.99,415.56,423.14,423.18,415.2,405.14,404.49,415.54,415.03,
12_CS2_1,400.86,405.13,385.91,415.56,418.63,403.32,455.55,411.49,389.74,418.26,421.28,432.05,413.25,423.19,,,405.14,415.32,404.49,404.99,415.56,423.14,423.18,415.2,405.14,404.49,415.54,415.03,
12_CS2_2,669.4,676.06,649.06,695.89,695.02,675.28,721.88,690.99,661.77,696.65,704.52,705.78,688.36,710.71,,,676.08,695.96,676.14,676.24,695.9,710.74,710.72,696.11,676.1,676.14,695.87,699.17,
12_CS2_3,1560.47,1553.26,1506.28,1591.36,1577.81,1581.32,1575.5,1592.04,1543.95,1585.35,1591.03,1577.95,1564.7,1636.23,,,1553.37,1591.7,1553.61,1553.71,1591.36,1636.32,1636.27,1592.07,1553.38,1553.61,1591.29,1592.11,
13_CS_0,1278.96,1304.88,1241.62,1347.34,1355.36,1294.35,1420.81,1328.31,1259.19,1359.29,1373.06,1383.18,1340.12,1372.93,,,1304.93,1347.67,1305.55,1304.87,1347.34,1361.2,1372.94,1347.91,1304.98,1305.55,1347.31,1346.06,
15_H2CO_0,1200.8,1197.1,1151.84,1227.41,1212.0,1209.7,1334.67,1202.15,1146.92,1228.03,1220.41,1259.69,1198.48,1231.3,,,1197.1,1227.16,1197.11,1197.22,1227.59,1231.43,1231.55,1226.95,1197.09,1197.11,1227.42,1227.84,
15_H2CO_1,1267.18,1262.15,1224.69,1287.81,1272.85,1275.45,1366.62,1262.96,1217.13,1276.07,1278.88,1311.01,1263.06,1291.94,,,1262.06,1287.69,1262.12,1262.0,1287.79,1291.75,1291.99,1287.49,1262.05,1262.12,1287.89,1286.2,
15_H2CO_2,1537.61,1529.44,1488.97,1560.04,1537.11,1547.69,1648.28,1527.83,1478.13,1538.66,1543.49,1582.62,1527.53,1561.48,,,1529.38,1559.8,1529.52,1529.31,1559.94,1561.37,1561.45,1559.86,1529.36,1529.52,1560.09,1563.31,
15_H2CO_3,1780.55,1810.0,1732.38,1858.94,1845.31,1788.24,1991.21,1844.72,1757.37,1849.8,1857.73,1905.57,1824.3,1890.57,,,1810.1,1859.11,1811.52,1810.0,1858.58,1890.71,1890.52,1859.52,1810.12,1811.52,1858.8,1860.03,
15_H2CO_4,2929.34,2881.16,2787.45,2966.03,2920.18,2960.59,3087.23,2899.92,2791.24,2928.04,2937.76,2986.84,2906.12,2988.19,,,2881.24,2966.34,2881.56,2881.09,2965.72,2988.13,2987.72,2967.01,2881.24,2881.56,2965.96,2965.77,
15_H2CO_5,2991.68,2935.82,2828.54,3027.28,2981.72,3027.75,3155.58,2958.97,2834.91,2990.38,3000.4,3054.21,2965.63,3054.71,,,2935.91,3028.8,2936.25,2935.73,3026.98,3054.68,3054.23,3029.48,2935.92,2936.25,3027.2,3026.51,
16_H2CS_0,1006.68,1003.24,978.73,1021.12,1013.13,1012.34,1072.86,1000.56,970.05,1040.49,1018.69,1038.46,1006.77,1025.32,,,1003.12,1020.56,1003.55,1003.35,1021.26,1025.48,1025.36,1020.58,1003.09,1003.55,1021.22,1020.96,
16_H2CS_1,1027.16,1029.48,989.59,1054.82,1050.01,1032.23,1155.35,1034.17,985.33,1085.39,1061.4,1093.84,1041.19,1058.37,,,1029.47,1057.57,1029.71,1029.59,1054.73,1058.4,1058.53,1056.27,1029.46,1029.71,1054.81,1059.57,
16_H2CS_2,1082.21,1088.82,1041.75,1124.76,1123.96,1093.59,1171.99,1118.12,1068.18,1132.43,1140.1,1144.4,1116.06,1150.35,,,1088.83,1127.39,1088.27,1088.71,1124.3,1150.11,1150.59,1127.04,1088.88,1088.27,1124.72,1125.91,
16_H2CS_3,1500.44,1493.99,1454.75,1526.37,1508.04,1509.47,1619.86,1489.06,1438.52,1527.54,1517.92,1554.86,1499.91,1522.81,,,1493.8,1526.18,1494.16,1494.02,1526.08,1522.28,1522.99,1526.42,1493.78,1494.16,1526.44,1528.71,
16_H2CS_4,3089.05,3061.08,2979.87,3135.42,3094.76,3110.81,3238.92,3076.6,2982.22,3101.2,3110.06,3149.92,3077.48,3158.43,,,3061.13,3146.85,3060.15,3060.74,3135.14,3158.61,3158.21,3148.43,3061.11,3060.15,3135.31,3135.52,
16_H2CS_5,3173.36,3138.38,3049.35,3218.13,3175.0,3198.57,3324.76,3159.77,3057.5,3186.13,3191.98,3234.3,3159.05,3246.76,,,3138.43,3220.33,3137.37,3138.04,3218.1,3247.09,3246.4,3221.13,3138.42,3137.37,3218.07,3221.13,
18_H2S_0,1218.51,1209.33,1178.06,1238.91,1220.02,1227.61,1318.51,1202.19,1162.26,1217.48,1228.03,1263.59,1218.34,1230.52,,,1208.96,1239.03,1210.51,1209.34,1238.91,1230.48,1230.52,1239.01,1209.12,1210.51,1239.0,1239.4,
18_H2S_1,2728.81,2686.37,2603.22,2762.1,2734.59,2757.47,2858.11,2726.46,2633.88,2756.54,2759.33,2776.77,2720.75,2800.73,,,2686.28,2762.05,2685.83,2686.3,2762.1,2800.81,2800.67,2762.1,2686.37,2685.83,2762.07,2762.47,
18_H2S_2,2743.44,2698.78,2616.47,2774.35,2745.71,2772.64,2866.76,2740.75,2649.04,2768.15,2769.99,2787.22,2732.32,2814.9,,,2698.8,2774.26,2698.16,2698.71,2774.35,2815.13,2814.86,2774.32,2698.83,2698.16,2774.32,2774.96,
19_HCl_0,2991.52,2944.61,2854.16,3024.7,2990.41,3023.69,3139.68,2997.58,2896.84,3015.8,3020.2,3047.15,2980.75,3065.48,,,2944.95,3024.18,2945.37,2944.55,3024.19,3065.49,3065.47,3024.51,2944.92,2945.37,3024.48,3024.56,
21_HF_0,4099.86,4069.67,3914.78,4181.87,4101.73,4136.85,4466.58,4145.53,3964.33,4142.72,4135.79,4273.27,4093.84,4224.18,,,4070.12,4182.69,4069.31,4069.67,4181.87,4224.63,4224.21,4182.71,4070.13,4069.31,4181.39,4182.52,
22_HNO_0,1540.23,1558.52,1486.92,1594.47,1575.42,1546.48,1705.99,1572.04,1499.94,1600.25,1588.1,1632.33,1566.01,1596.7,,,1558.44,1594.16,1558.73,1558.52,1594.36,1596.57,1596.57,1594.13,1558.42,1558.73,1594.61,1586.93,
22_HNO_1,1603.25,1662.11,1558.07,1721.58,1717.79,1609.89,1934.19,1721.23,1597.11,1732.63,1742.79,1802.29,1682.72,1758.82,,,1662.11,1721.94,1660.2,1662.07,1721.68,1758.88,1758.94,1722.19,1662.15,1660.2,1721.52,1721.42,
22_HNO_2,2941.87,2858.71,2658.67,3005.01,2956.85,3004.4,3307.08,2907.84,2669.88,2968.97,3003.27,3122.31,2942.46,3023.58,,,2859.26,3005.91,2859.5,2859.14,3005.28,3023.72,3023.76,3006.26,2858.8,2859.5,3004.93,3001.91,
24_N2_0,2341.82,2446.52,2333.18,2490.49,2498.75,2328.69,2726.73,2480.21,2350.29,2497.22,2517.33,2583.15,2447.48,2516.42,,,2446.75,2491.13,2445.83,2446.52,2491.13,2516.67,2516.42,2491.79,2446.75,2445.83,2490.25,2491.08,
25_NH3_0,1036.88,1025.31,1020.22,1041.46,1002.87,1042.6,1096.22,1030.86,1019.18,1045.81,1012.66,1049.12,1026.47,1009.31,,,1025.18,1041.61,1025.21,1025.57,1041.66,1009.37,1009.44,1041.07,1025.19,1025.21,1041.59,1040.56,
25_NH3_1,1673.37,1663.15,1628.65,1692.79,1663.42,1681.98,1786.48,1661.97,1616.99,1669.68,1672.11,1714.65,1660.5,1683.57,,,1663.04,1692.61,1663.18,1662.89,1692.76,1683.52,1683.45,1692.59,1663.09,1663.18,1692.84,1690.54,
25_NH3_2,1673.62,1663.17,1628.71,1692.84,1663.47,1682.03,1786.69,1662.0,1617.03,1683.56,1672.19,1714.84,1660.71,1683.62,,,1663.13,1692.76,1663.21,1663.6,1693.24,1683.75,1683.99,1692.67,1663.14,1663.21,1692.96,1697.49,
25_NH3_3,3489.61,3466.51,3361.08,3551.72,3509.53,3512.41,3688.15,3506.3,3384.56,3524.5,3526.87,3585.26,3486.1,3601.62,,,3466.61,3551.92,3465.92,3467.16,3550.98,3601.7,3601.57,3552.5,3466.6,3465.92,3551.66,3553.85,
25_NH3_4,3617.78,3585.31,3473.5,3676.64,3630.51,3645.86,3813.24,3633.76,3505.99,3650.82,3647.6,3706.45,3603.86,3736.5,,,3585.37,3677.23,3584.75,3585.97,3675.94,3736.41,3736.48,3677.85,3585.36,3584.75,3676.59,3677.02,
25_NH3_5,3617.95,3585.42,3473.62,3676.74,3630.61,3646.1,3813.45,3633.87,3506.1,3651.76,3647.7,3706.8,3604.02,3736.6,,,3585.58,3677.43,3584.77,3586.02,3676.01,3736.57,3736.55,3678.04,3585.58,3584.77,3676.62,3680.75,
26_N2O_0,598.52,616.22,576.35,637.16,632.92,603.14,715.25,637.76,593.19,637.13,640.21,660.38,615.81,651.34,,,616.17,636.92,615.88,616.2,637.13,651.36,651.34,636.7,616.17,615.88,637.13,635.58,
26_N2O_1,598.52,616.22,576.35,637.16,632.92,603.14,715.25,637.76,593.19,637.13,640.21,660.38,615.81,651.34,,,616.17,636.92,615.88,616.2,637.13,651.36,651.34,636.7,616.17,615.88,637.13,635.58,
26_N2O_2,1298.65,1323.44,1255.08,1367.65,1352.56,1313.69,1379.81,1371.66,1297.79,1367.52,1360.98,1368.66,1332.47,1404.82,,,1323.59,1368.05,1322.88,1323.46,1367.65,1404.96,1404.82,1368.2,1323.6,1322.88,1367.51,1367.27,
26_N2O_3,2259.21,2338.47,2218.09,2406.96,2396.78,2265.97,2602.17,2403.91,2275.94,2409.64,2418.79,2463.11,2349.17,2457.26,,,2338.71,2407.77,2338.21,2338.52,2407.08,2457.54,2457.26,2408.79,2338.7,2338.21,2406.71,2408.02,
27_OCS_0,525.52,528.92,502.03,543.22,542.74,530.51,595.18,538.01,507.45,542.92,547.91,563.08,534.18,551.38,,,528.94,543.02,528.19,528.91,543.25,551.46,551.38,542.69,528.93,528.19,543.2,542.7,
27_OCS_1,525.52,528.92,502.03,543.22,542.74,530.51,595.18,538.01,507.45,542.92,547.91,563.08,534.18,551.38,,,528.94,543.02,528.19,528.91,543.25,551.46,551.38,542.69,528.93,528.19,543.2,542.7,
27_OCS_2,874.63,877.23,847.5,897.86,893.83,883.0,895.76,897.91,866.46,895.16,898.71,892.77,883.64,922.76,,,877.25,897.95,876.92,877.23,897.87,922.73,922.76,897.98,877.29,876.92,897.81,895.69,
27_OCS_3,2078.29,2106.59,2020.4,2159.51,2146.92,2093.32,2279.02,2150.2,2055.71,2155.27,2162.67,2202.94,2126.45,2199.39,,,2106.78,2159.65,2106.22,2106.59,2159.41,2199.49,2199.39,2160.52,2106.79,2106.21,2159.3,2160.08,
01_BH3_0,1172.17,1162.13,1144.14,1181.6,1165.34,1178.24,1222.89,1147.14,1122.68,1166.94,1165.25,1186.14,1160.61,1179.35,,,1162.14,1181.17,1162.55,1162.49,1181.7,1179.32,1179.34,1180.84,1162.15,1162.55,1181.63,1182.54,
01_BH3_1,1222.91,1203.8,1177.49,1234.93,1211.7,1234.11,1292.51,1190.07,1154.46,1202.89,1216.81,1247.93,1212.05,1229.76,,,1203.75,1234.91,1204.35,1203.93,1235.03,1229.74,1229.76,1234.72,1203.78,1204.35,1234.96,1235.86,
01_BH3_2,1223.48,1204.73,1178.74,1235.5,1212.33,1234.47,1292.6,1190.75,1155.44,1210.85,1217.26,1249.66,1213.04,1230.25,,,1204.72,1235.46,1205.27,1205.38,1235.84,1230.31,1230.25,1235.3,1204.72,1205.27,1235.53,1237.48,
01_BH3_3,2585.53,2558.82,2514.82,2604.57,2577.04,2600.41,2638.03,2552.81,2500.52,2561.82,2574.0,2603.43,2566.87,2630.74,,,2558.88,2604.11,2561.69,2557.89,2604.3,2630.78,2630.75,2605.19,2558.88,2561.69,2604.52,2604.88,
01_BH3_4,2717.28,2687.22,2639.87,2735.54,2709.89,2734.14,2755.92,2690.77,2636.06,2700.24,2707.0,2731.71,2698.19,2772.79,,,2687.28,2735.39,2691.09,2686.7,2735.59,2772.87,2772.8,2736.54,2687.29,2691.09,2735.47,2736.04,
01_BH3_5,2718.49,2689.38,2642.78,2736.65,2711.67,2734.87,2755.93,2692.94,2639.0,2702.1,2708.6,2732.82,2699.84,2773.67,,,2689.45,2736.5,2691.57,2687.84,2736.0,2773.76,2773.69,2737.67,2689.45,2691.57,2736.59,2737.68,
02_C2H2_0,643.85,665.2,607.48,693.04,710.35,644.43,810.59,675.28,609.14,698.29,725.26,748.95,686.84,707.33,,,665.25,692.52,665.12,665.27,692.43,707.55,707.34,693.35,665.25,665.05,692.96,694.44,
02_C2H2_1,643.85,665.2,607.48,693.04,710.35,644.43,810.59,675.28,609.14,698.29,725.26,748.95,686.84,707.33,,,665.25,692.52,665.12,665.27,692.43,707.55,707.34,693.35,665.25,665.05,692.96,694.44,
02_C2H2_2,765.72,768.52,736.71,789.66,781.27,770.44,869.62,775.85,737.16,777.97,790.66,814.03,772.27,787.35,,,768.57,789.36,768.51,768.59,789.05,787.19,787.37,790.16,768.59,768.43,789.59,792.8,
02_C2H2_3,765.72,768.52,736.71,789.66,781.27,770.44,869.62,775.85,737.16,777.97,790.66,814.04,772.27,787.35,,,768.59,789.45,768.51,768.59,789.05,787.64,787.37,790.2,768.59,768.43,789.59,795.14,
02_C2H2_4,2023.73,2066.93,2004.97,2103.64,2102.29,2022.02,2209.23,2080.68,2008.73,2091.82,2113.48,2144.57,2077.31,2125.85,,,2067.03,2102.62,2066.91,2066.91,2103.7,2125.99,2125.85,2104.28,2067.07,2066.92,2103.51,2104.51,
02_C2H2_5,3431.66,3413.05,3345.97,3465.17,3421.88,3445.37,3553.72,3424.07,3345.22,3425.86,3425.12,3469.43,3397.45,3499.5,,,3413.12,3468.64,3411.08,3412.92,3466.15,3499.75,3499.47,3467.7,3413.26,3411.2,3464.93,3470.81,
02_C2H2_6,3531.97,3517.16,3444.92,3572.54,3531.4,3547.26,3673.43,3531.24,3446.09,3535.21,3536.2,3582.95,3504.45,3609.34,,,3517.24,3575.69,3515.31,3517.04,3573.46,3609.62,3609.32,3575.08,3517.37,3515.43,3572.3,3577.28,
05_CF2_0,670.68,668.72,629.44,690.65,682.95,678.76,742.22,681.19,638.68,680.9,686.16,708.66,676.41,703.82,,,668.71,690.6,670.46,668.66,690.74,703.79,703.82,690.66,668.72,670.46,690.66,690.84,
05_CF2_1,1111.31,1097.66,990.37,1168.72,1147.93,1136.24,1280.43,1150.92,1035.47,1145.95,1158.28,1210.61,1133.68,1213.18,,,1097.72,1168.95,1098.49,1097.59,1168.98,1213.21,1213.18,1169.32,1097.73,1098.49,1168.67,1169.04,
05_CF2_2,1223.09,1211.51,1124.65,1274.05,1253.41,1246.45,1377.78,1248.14,1150.73,1248.3,1263.38,1312.1,1240.79,1307.06,,,1211.58,1274.03,1216.57,1211.45,1274.25,1307.06,1307.06,1274.28,1211.58,1216.57,1274.01,1273.73,
08_ClCN_0,395.17,404.36,384.18,411.96,414.5,395.3,456.34,414.57,393.24,415.25,416.47,424.9,400.42,423.81,,,404.43,411.97,405.77,404.27,412.26,423.93,423.75,410.98,404.37,405.91,412.01,410.97,
08_ClCN_1,395.17,404.36,384.18,411.96,414.5,395.3,456.34,414.57,393.24,415.25,416.47,424.9,400.42,423.81,,,404.43,411.97,405.77,404.27,412.26,423.93,423.75,410.98,404.37,405.91,412.01,410.97,
08_ClCN_2,746.3,743.55,709.58,765.27,760.32,754.27,794.07,769.85,736.15,765.94,768.37,768.6,750.37,792.98,,,743.6,765.01,743.09,743.55,765.29,792.97,792.94,764.78,743.59,743.07,765.23,765.49,
08_ClCN_3,2230.54,2305.18,2197.79,2364.0,2368.79,2228.88,2564.93,2336.45,2214.22,2362.89,2394.88,2448.59,2334.23,2388.88,,,2305.21,2363.06,2303.97,2305.2,2363.61,2388.95,2388.78,2364.34,2305.33,2304.08,2363.87,2364.77,
11_CO_0,2154.5,2208.03,2111.43,2254.86,2251.86,2161.02,2420.35,2235.56,2124.96,2244.21,2263.3,2321.64,2219.5,2282.48,,,2208.23,2255.02,2206.01,2208.03,2254.86,2284.08,2282.48,2255.84,2208.23,2206.01,2254.68,2255.1,
14_F2_0,1015.67,1051.33,962.7,1109.94,1101.68,1025.72,1270.92,1103.79,1000.45,1112.72,1121.4,1169.89,1079.68,1156.73,,,1051.41,1110.04,1051.92,1051.41,1109.92,1156.79,1156.71,1109.99,1051.41,1051.92,1109.87,1110.72,
17_H2O_0,1634.92,1626.75,1595.95,1653.63,1621.49,1642.41,1745.04,1633.11,1592.73,1636.45,1632.04,1675.3,1626.43,1639.19,,,1626.7,1653.6,1626.82,1626.84,1653.67,1639.08,1639.37,1653.56,1626.71,1626.82,1653.65,1651.87,
17_H2O_1,3812.66,3792.05,3654.36,3896.18,3835.38,3843.32,4120.56,3857.53,3696.29,3876.87,3864.15,3970.09,3818.6,3945.09,,,3792.18,3896.72,3792.1,3793.53,3895.63,3945.17,3945.03,3897.01,3792.17,3792.1,3896.05,3895.96,
17_H2O_2,3924.05,3894.59,3755.68,4000.81,3936.87,3958.24,4222.91,3962.78,3800.61,3982.72,3964.77,4070.7,3919.21,4054.41,,,3894.73,4001.5,3894.69,3896.09,4000.31,4054.48,4054.41,4001.81,3894.72,3894.69,4000.68,4001.72,
20_HCN_0,744.18,757.62,718.46,780.03,775.38,746.24,878.53,769.26,722.9,771.99,785.23,814.14,759.73,783.61,,,757.61,779.29,757.47,758.35,780.04,783.76,783.6,779.32,757.69,757.47,779.98,779.78,
20_HCN_1,744.18,757.62,718.46,780.03,775.38,746.24,878.53,769.26,722.9,771.99,785.23,814.14,759.73,783.61,,,757.61,779.29,757.47,758.35,780.04,783.76,783.6,779.32,757.69,757.47,779.98,779.78,
20_HCN_2,2125.22,2199.11,2112.34,2239.85,2245.84,2117.88,2404.75,2219.85,2119.76,2236.85,2260.5,2308.57,2208.59,2265.06,,,2199.3,2239.51,2198.15,2199.16,2239.85,2265.22,2265.06,2240.64,2199.32,2198.15,2239.68,2241.71,
20_HCN_3,3462.8,3445.33,3363.92,3503.93,3463.15,3479.91,3614.43,3458.04,3362.76,3469.0,3471.61,3518.84,3435.62,3535.46,,,3445.53,3506.21,3443.49,3444.15,3503.94,3535.63,3535.46,3506.62,3445.63,3443.49,3503.69,3508.71,
23_HOCl_0,744.82,739.67,685.4,789.53,782.7,760.62,869.62,785.99,725.21,793.68,802.74,820.47,780.73,825.03,,,739.67,789.7,739.59,740.03,789.97,825.07,825.64,789.52,739.66,739.59,789.49,790.82,
23_HOCl_1,1263.78,1261.57,1214.86,1294.11,1274.77,1274.95,1385.75,1277.6,1223.19,1298.1,1288.81,1321.87,1272.73,1292.54,,,1261.39,1293.74,1261.34,1261.74,1294.37,1292.27,1292.71,1293.62,1261.35,1261.34,1294.38,1298.07,
23_HOCl_2,3772.88,3760.67,3611.49,3865.18,3807.91,3803.21,4123.69,3823.3,3651.13,3848.1,3841.55,3957.28,3790.57,3903.03,,,3760.79,3865.85,3760.6,3760.58,3865.7,3903.22,3903.46,3866.09,3760.77,3760.6,3865.07,3867.55,
28_PH3_0,1022.02,1017.52,997.8,1040.35,1022.74,1027.13,1100.81,1000.3,973.34,1022.51,1027.27,1059.43,1023.24,1026.51,,,1017.63,1040.31,1017.99,1019.49,1041.81,1026.5,1027.91,1040.2,1017.6,1017.99,1040.42,1044.68,
28_PH3_1,1151.79,1137.44,1106.99,1167.84,1151.12,1162.38,1234.36,1130.44,1091.67,1155.23,1158.78,1190.62,1152.1,1165.71,,,1137.68,1167.77,1138.01,1140.27,1169.92,1165.63,1167.74,1167.76,1137.51,1138.01,1167.86,1171.05,
28_PH3_2,1153.22,1139.39,1109.02,1169.24,1152.92,1163.34,1234.43,1131.59,1092.85,1156.22,1160.14,1191.53,1152.58,1167.05,,,1139.59,1169.13,1139.14,1140.49,1169.97,1167.05,1167.83,1169.12,1139.55,1139.14,1169.25,1172.75,
28_PH3_3,2426.93,2384.3,2310.09,2455.78,2431.72,2452.86,2529.86,2408.44,2325.16,2436.16,2451.21,2479.58,2430.9,2488.45,,,2384.46,2455.57,2385.91,2383.84,2455.65,2488.45,2488.63,2456.02,2384.49,2385.91,2455.76,2455.57,
28_PH3_4,2434.3,2391.18,2318.26,2461.31,2437.54,2460.64,2529.92,2419.73,2338.07,2445.59,2456.49,2483.39,2436.73,2498.53,,,2391.32,2461.04,2392.83,2390.77,2461.23,2498.43,2498.8,2461.48,2391.31,2392.83,2461.29,2462.72,
28_PH3_5,2434.42,2391.45,2318.83,2461.37,2437.66,2460.73,2531.58,2420.05,2338.74,2446.73,2456.62,2483.46,2436.93,2498.63,,,2391.5,2461.09,2392.99,2391.08,2461.29,2498.57,2498.86,2461.54,2391.52,2392.99,2461.35,2466.14,
29_SiO_0,1213.52,1255.33,1186.92,1290.9,1295.61,1219.91,1402.02,1276.87,1198.61,1299.6,1309.1,1335.27,1276.09,1312.7,,,1255.39,1290.9,1251.63,1255.35,1290.9,1312.85,1312.73,1291.18,1255.4,1251.63,1290.83,1290.75,
30_SO2_0,507.19,516.9,481.62,534.96,531.58,512.63,608.94,527.28,486.38,536.08,540.16,565.75,525.66,535.24,,,516.88,534.9,512.36,522.28,534.91,535.2,538.81,534.9,516.87,512.36,534.97,534.31,
30_SO2_1,1134.62,1179.28,1083.02,1236.13,1232.39,1150.05,1384.6,1219.23,1112.89,1248.37,1254.85,1308.6,1223.88,1257.34,,,1179.3,1236.2,1177.75,1179.48,1236.38,1257.32,1257.92,1236.1,1179.31,1177.75,1236.08,1236.31,
30_SO2_2,1341.1,1374.94,1269.09,1441.56,1430.88,1360.92,1588.75,1421.23,1304.3,1449.41,1453.48,1512.33,1422.96,1469.54,,,1374.99,1441.69,1372.79,1377.78,1441.88,1469.61,1470.73,1441.57,1374.98,1372.79,1441.5,1441.6,
31_CH3OH_0,287.06,285.31,282.99,293.78,284.57,288.56,304.98,291.07,287.42,321.1,283.77,295.5,288.11,298.06,,,284.37,293.19,288.31,287.52,293.61,296.76,299.92,292.31,285.02,288.31,294.4,248.92,
31_CH3OH_1,1048.18,1039.1,975.01,1080.58,1065.38,1061.76,1151.49,1061.77,1009.55,1078.19,1073.09,1103.89,1059.88,1088.91,,,1039.16,1080.75,1038.22,1039.22,1080.57,1088.96,1091.02,1080.57,1039.14,1038.22,1080.59,1080.63,
31_CH3OH_2,1083.02,1075.85,1043.3,1109.23,1093.92,1091.78,1168.81,1103.64,1050.77,1108.16,1103.04,1125.54,1087.75,1145.7,,,1075.85,1109.61,1075.63,1076.08,1109.25,1145.72,1145.91,1109.43,1075.85,1075.63,1109.2,1110.23,
31_CH3OH_3,1180.22,1170.02,1131.86,1200.23,1181.06,1189.9,1278.16,1173.54,1128.4,1194.56,1187.34,1221.12,1173.59,1205.66,,,1169.97,1200.22,1170.01,1170.24,1200.24,1205.57,1205.8,1200.03,1169.94,1170.01,1200.28,1195.74,
31_CH3OH_4,1374.17,1365.23,1331.64,1392.61,1369.41,1382.22,1477.11,1371.13,1329.42,1380.92,1377.57,1415.65,1368.85,1388.36,,,1365.28,1392.51,1365.22,1365.49,1392.58,1388.24,1389.48,1392.52,1365.24,1365.22,1392.64,1392.35,
31_CH3OH_5,1489.16,1476.55,1434.04,1509.98,1486.82,1500.21,1607.01,1473.21,1420.59,1500.68,1494.71,1539.08,1478.42,1509.43,,,1476.52,1509.95,1476.54,1476.66,1509.99,1509.35,1510.07,1509.9,1476.52,1476.54,1510.03,1512.08,
31_CH3OH_6,1515.67,1497.91,1459.41,1532.07,1506.65,1528.05,1620.82,1492.59,1442.82,1516.26,1514.53,1556.45,1501.03,1528.99,,,1497.84,1531.98,1497.74,1497.96,1532.07,1528.85,1528.92,1531.9,1497.88,1497.74,1532.14,1531.65,
31_CH3OH_7,1525.99,1508.47,1470.38,1542.33,1516.41,1538.2,1629.36,1504.74,1456.05,1527.92,1523.75,1563.78,1510.2,1541.04,,,1508.47,1542.37,1508.46,1508.56,1542.35,1540.9,1541.29,1542.29,1508.47,1508.46,1542.34,1535.91,
31_CH3OH_8,3027.06,2994.04,2919.4,3059.88,3024.05,3048.84,3142.16,3008.55,2920.3,3025.33,3034.09,3067.82,3002.55,3090.97,,,2994.13,3060.16,2993.48,2993.23,3059.81,3090.87,3090.95,3060.67,2994.17,2993.47,3059.8,3056.82,
31_CH3OH_9,3081.32,3039.25,2959.97,3110.25,3073.55,3107.73,3185.46,3061.8,2968.04,3081.72,3085.96,3117.32,3053.16,3147.85,,,3039.34,3111.48,3038.67,3038.37,3110.15,3147.83,3147.79,3112.02,3039.38,3038.67,3110.15,3110.66,
31_CH3OH_10,3145.79,3108.6,3035.89,3175.19,3137.46,3169.48,3247.56,3130.55,3045.0,3147.79,3148.26,3178.89,3116.03,3212.99,,,3108.69,3176.22,3107.74,3108.08,3175.2,3212.94,3213.17,3176.83,3108.69,3107.74,3175.1,3176.06,
31_CH3OH_11,3848.05,3827.33,3678.91,3932.0,3874.26,3879.37,4171.79,3890.11,3720.31,3912.76,3905.33,4014.55,3856.29,3977.86,,,3827.45,3932.81,3827.35,3826.07,3932.1,3977.88,3978.41,3933.11,3827.5,3827.35,3931.87,3930.83,
32_S2_0,709.55,712.51,665.37,758.26,754.6,723.35,817.56,750.7,700.6,764.57,779.16,777.22,756.16,773.92,,,712.59,758.25,713.66,712.51,758.22,774.09,773.87,758.37,712.6,713.66,758.22,758.27,
33_SO_0,1126.06,1152.08,1071.23,1219.95,1204.61,1148.53,1344.02,1198.1,1107.49,1223.08,1226.87,1274.24,1200.85,1235.48,,,1152.17,1220.14,1155.05,1152.08,1219.95,1235.75,1235.63,1220.01,1152.19,1155.05,1219.84,1220.18,
